Zeitreihe,Kapazität
original,22.89609259199999
G001,15.45939466454388
G002,13.17424907152349
G003,13.613016932867716
G004,14.36890528715952
G005,12.277655883343016
G006,10.309801606134641
G007,11.177276216636955
G008,11.585659893970103
G009,10.79045125968031
G010,9.224758042138546
