Zeitreihe,Kapazität
original,22.89609259199999
G001,16.459902497476094
G002,15.494424595292308
G003,20.876382209191746
G004,21.88819146818888
G005,34.719688554990775
G006,15.577761561190556
G007,12.526274940155744
G008,21.076277827017407
G009,12.435812988908367
G010,16.224670072299148
