Zeitreihe,Kapazität
original,22.89609259199999
G001,5.413915999592049
G002,6.83701316228162
G003,6.367689715276423
G004,0.23176567363234613
G005,5.604433308181642
G006,5.489640582388566
G007,7.920071540611618
G008,0.0
G009,0.0
G010,6.629680301125453
