Zeitreihe,Kapazität
original,22.89609259199999
G001,13.39353054398103
G002,15.09760602556986
G003,11.808086058135018
G004,12.520310671615277
G005,13.215739119144672
G006,13.274149651307368
G007,12.727874082769972
G008,17.0365006412391
G009,15.984072600232366
G010,18.378710819279746
