Zeitreihe,Kapazität
original,22.89609259199999
G001,5.371506476239556
G002,6.874100564640006
G003,0.0
G004,5.873184815714472
G005,9.016769504236494
G006,5.260014995867151
G007,5.618632104453009
G008,5.879310452603189
G009,5.055844691800931
G010,0.0
