Zeitreihe,Kapazität
original,22.89609259199999
G001,13.731032505768468
G002,28.486073252540933
G003,17.980647932646434
G004,25.823158882449263
G005,15.9921184648274
G006,20.16984749797345
G007,18.516934995642487
G008,14.555387283290464
G009,17.182711776155344
G010,21.485903804458555
