Zeitreihe,Kapazität
original,22.89609259199999
G001,11.77176119786887
G002,12.679912933511446
G003,15.95454102735846
G004,13.968818409832636
G005,11.831042534503695
G006,13.681699383636214
G007,15.479368818454475
G008,16.200202962984292
G009,15.01627915839623
G010,11.32558744495816
